{"batch/loss": 0.12789669632911682, "batch/accuracy": 0.9626190662384033, "batch/batch_step": 795, "batch/learning_rate": 0.0010000000474974513, "_timestamp": 1680100553.5531144, "_runtime": 208.8139464855194, "_step": 163, "epoch/loss": 0.12833480536937714, "epoch/accuracy": 0.9623500108718872, "epoch/epoch": 3, "epoch/learning_rate": 0.0010000000474974513, "_wandb": {"runtime": 217}}