{"batch/loss": 0.5352877974510193, "batch/accuracy": 0.8346308469772339, "batch/batch_step": 2995, "batch/learning_rate": 0.0010000000474974513, "_timestamp": 1680103327.9555676, "_runtime": 327.6379745006561, "_step": 604, "epoch/loss": 0.5351489782333374, "epoch/accuracy": 0.8347333073616028, "epoch/epoch": 4, "epoch/learning_rate": 0.0010000000474974513, "_wandb": {"runtime": 437}}