{"batch/loss": 0.2380358874797821, "batch/accuracy": 0.9310234785079956, "batch/batch_step": 2995, "batch/learning_rate": 0.0010000000474974513, "_timestamp": 1680104278.8972435, "_runtime": 286.09093952178955, "_step": 604, "epoch/loss": 0.2383856475353241, "epoch/accuracy": 0.9311666488647461, "epoch/epoch": 4, "epoch/learning_rate": 0.0010000000474974513, "_wandb": {"runtime": 294}}