{"batch/loss": 152.1913299560547, "batch/accuracy": 0.13333334028720856, "batch/batch_step": 0, "batch/learning_rate": 0.0010000000474974513, "_timestamp": 1680104780.2921221, "_runtime": 5.223444223403931, "_step": 0}