{"batch/loss": 3.7796313762664795, "batch/accuracy": 0.2608904242515564, "batch/batch_step": 145, "batch/learning_rate": 0.0010000000474974513, "_timestamp": 1680102877.9527, "_runtime": 91.90714287757874, "_step": 29}