{"batch/loss": 7.38175106048584, "batch/accuracy": 0.2092810422182083, "batch/batch_step": 50, "batch/learning_rate": 0.0010000000474974513, "_timestamp": 1680102721.033942, "_runtime": 30.372360944747925, "_step": 10}