{"batch/loss": 3.482534885406494, "batch/accuracy": 0.25067514181137085, "batch/batch_step": 80, "batch/learning_rate": 0.0010000000474974513, "_timestamp": 1680106876.5714705, "_runtime": 70.70146441459656, "_step": 16}