{"batch/loss": 63.23417663574219, "batch/accuracy": 0.12777778506278992, "batch/batch_step": 5, "batch/learning_rate": 0.0010000000474974513, "_timestamp": 1680106385.2017317, "_runtime": 17.786926746368408, "_step": 1}