{"batch/loss": 4.1554856300354, "batch/accuracy": 0.1733333319425583, "batch/batch_step": 40, "batch/learning_rate": 0.0010000000474974513, "_timestamp": 1680106686.3915374, "_runtime": 77.09578132629395, "_step": 8}